{"cameraMode":{"drawMode":0,"name":"Shaded","section":"Shading Mode"},"sceneLighting":false,"audioPlay":false,"sceneViewState":{"showFog":true,"showMaterialUpdate":false,"showSkybox":false,"showFlares":true,"showImageEffects":true,"showParticleSystems":true},"in2DMode":false,"pivot":{"x":0.38700002431869509,"y":0.875,"z":0.906000018119812},"rotation":{"x":0.27733492851257326,"y":0.09062186628580094,"z":-0.02627883292734623,"w":0.9561387896537781},"size":3.26162052154541,"orthographic":false}